source,target,value
ceddisss,blvckbvrnez,36
ceddisss,dandrael,9
ceddisss,vellrus,2
ceddisss,dyadya_danilo,9
ceddisss,linalucker,11
ceddisss,evgeniyleet,33
ceddisss,justreyb,6
ceddisss,seeoma,3
ceddisss,roman_dmt,1
ceddisss,jetviolett,2
ceddisss,juliam7,8
ceddisss,xseix,3
ceddisss,teemok,4
ceddisss,ruriir_,10
ceddisss,l3rva_,8
ceddisss,maxisolo,2
ceddisss,reactistov,6
ceddisss,prosto_oleja,1
ceddisss,hellknight719,2
ceddisss,l3rra,6
ceddisss,addict_v4,1
ceddisss,poill,6
ceddisss,retabokainrou,1
ceddisss,wtwrite,1
ceddisss,janzepp,1
ceddisss,oxhof,1
ceddisss,memerald_,2
ceddisss,dcayorcus,1
ceddisss,moonofmays,3
ceddisss,mister_mojo_risin,1
ceddisss,t1tnnox,4
ceddisss,megumeme217,1
ceddisss,ezhevika_,1
ceddisss,nemar1na,1
ceddisss,leychick,3
ceddisss,andiya,1
ceddisss,karrp_,1
ceddisss,ne_razdevaisya_ya_po_delu,1
ceddisss,poliesterr,3
ceddisss,ludmila_mikhailovna1983,8
blvckbvrnez,ceddisss,6
blvckbvrnez,linalucker,2
blvckbvrnez,teemok,1
blvckbvrnez,wtwrite,1
blvckbvrnez,nemar1na,1
blvckbvrnez,ludmila_mikhailovna1983,2
dandrael,ceddisss,20
dandrael,blvckbvrnez,12
dandrael,dandrael,26
dandrael,vellrus,2
dandrael,axel_reisen,13
dandrael,dyadya_danilo,25
dandrael,linalucker,23
dandrael,evgeniyleet,20
dandrael,justreyb,20
dandrael,cybernytik,13
dandrael,seeoma,9
dandrael,pandadrummer,9
dandrael,chlore,3
dandrael,roman_dmt,4
dandrael,n14t0,14
dandrael,ne_cott3r,2
dandrael,juliam7,5
dandrael,xseix,4
dandrael,teemok,5
dandrael,ruriir_,3
dandrael,l3rva_,7
dandrael,maxisolo,1
dandrael,reactistov,6
dandrael,fahafatesanat_t,1
dandrael,prosto_oleja,3
dandrael,truephotoonelove,2
dandrael,hellknight719,3
dandrael,kiraschmidtq,2
dandrael,l3rra,5
dandrael,mintywrinkles3,1
dandrael,addict_v4,2
dandrael,poill,4
dandrael,chevapchi4i,4
dandrael,retabokainrou,4
dandrael,wtwrite,3
dandrael,sbermarketeda,1
dandrael,strandedorange,3
dandrael,janzepp,8
dandrael,oxhof,15
dandrael,memerald_,3
dandrael,4rib,2
dandrael,dcayorcus,21
dandrael,moonofmays,2
dandrael,mister_mojo_risin,2
dandrael,t1tnnox,4
dandrael,megumeme217,10
dandrael,otismatus,4
dandrael,v0id_mg,5
dandrael,ezhevika_,2
dandrael,nemar1na,1
dandrael,sobakapovodyr,1
dandrael,kaorysil,1
dandrael,korgalum,1
dandrael,s1iska,3
dandrael,ahkind,2
dandrael,andiya,1
dandrael,karrp_,1
dandrael,dariamilk,1
dandrael,banshiva,1
dandrael,mishk397,2
dandrael,llllsedoyllll,2
dandrael,ne_razdevaisya_ya_po_delu,1
dandrael,ludachyo,1
dandrael,evermooon,2
dandrael,ludmila_mikhailovna1983,2
dandrael,fedorconkisto,1
dandrael,fell_lovee,1
vellrus,ceddisss,16
vellrus,blvckbvrnez,5
vellrus,dandrael,15
vellrus,vellrus,6
vellrus,dyadya_danilo,16
vellrus,linalucker,12
vellrus,evgeniyleet,5
vellrus,justreyb,1
vellrus,cybernytik,5
vellrus,seeoma,1
vellrus,pandadrummer,2
vellrus,chlore,24
vellrus,n14t0,9
vellrus,jetviolett,13
vellrus,ruriir_,2
vellrus,l3rva_,3
vellrus,maxisolo,2
vellrus,fahafatesanat_t,8
vellrus,prosto_oleja,1
vellrus,truephotoonelove,1
vellrus,kiraschmidtq,9
vellrus,l3rra,1
vellrus,mintywrinkles3,2
vellrus,retabokainrou,6
vellrus,sbermarketeda,1
vellrus,jijle,23
vellrus,4rib,3
vellrus,dcayorcus,2
vellrus,iamhere13666,2
vellrus,imher3,1
vellrus,titannnox,2
vellrus,inhumanwaif78,2
vellrus,vagrchannel,1
vellrus,palnasral,1
vellrus,ilya_agent_001,1
vellrus,ludmila_mikhailovna1983,4
vellrus,palkasupilozhka,1
vellrus,aniki_cc,1
vellrus,love_you89,1
axel_reisen,dandrael,11
axel_reisen,dyadya_danilo,12
axel_reisen,linalucker,12
axel_reisen,evgeniyleet,2
axel_reisen,justreyb,32
axel_reisen,pandadrummer,23
axel_reisen,chlore,7
axel_reisen,roman_dmt,9
axel_reisen,n14t0,10
axel_reisen,juliam7,3
axel_reisen,xseix,3
axel_reisen,teemok,31
axel_reisen,ruriir_,11
axel_reisen,reactistov,7
axel_reisen,prosto_oleja,3
axel_reisen,truephotoonelove,8
axel_reisen,hellknight719,7
axel_reisen,mintywrinkles3,1
axel_reisen,addict_v4,60
axel_reisen,poill,23
axel_reisen,chevapchi4i,1
axel_reisen,retabokainrou,5
axel_reisen,wtwrite,4
axel_reisen,janzepp,2
axel_reisen,oxhof,10
axel_reisen,memerald_,4
axel_reisen,moonofmays,2
axel_reisen,mister_mojo_risin,2
axel_reisen,megumeme217,1
axel_reisen,marlenbrando,1
axel_reisen,v0id_mg,1
axel_reisen,jujabanda,1
axel_reisen,ezhevika_,2
axel_reisen,hhj0gd,1
axel_reisen,nemar1na,9
axel_reisen,yobreek,6
axel_reisen,leychick,1
axel_reisen,korgalum,10
axel_reisen,banshiva,1
axel_reisen,ludmila_mikhailovna1983,75
dyadya_danilo,ceddisss,5
dyadya_danilo,blvckbvrnez,3
dyadya_danilo,dandrael,21
dyadya_danilo,vellrus,2
dyadya_danilo,axel_reisen,3
dyadya_danilo,dyadya_danilo,2
dyadya_danilo,linalucker,33
dyadya_danilo,evgeniyleet,11
dyadya_danilo,justreyb,51
dyadya_danilo,cybernytik,13
dyadya_danilo,seeoma,38
dyadya_danilo,pandadrummer,2
dyadya_danilo,chlore,4
dyadya_danilo,roman_dmt,9
dyadya_danilo,n14t0,6
dyadya_danilo,juliam7,3
dyadya_danilo,teemok,3
dyadya_danilo,l3rva_,1
dyadya_danilo,maxisolo,9
dyadya_danilo,reactistov,1
dyadya_danilo,prosto_oleja,2
dyadya_danilo,hellknight719,5
dyadya_danilo,kiraschmidtq,7
dyadya_danilo,l3rra,18
dyadya_danilo,mintywrinkles3,1
dyadya_danilo,addict_v4,2
dyadya_danilo,poill,3
dyadya_danilo,chevapchi4i,1
dyadya_danilo,retabokainrou,2
dyadya_danilo,wtwrite,3
dyadya_danilo,sbermarketeda,2
dyadya_danilo,strandedorange,1
dyadya_danilo,janzepp,25
dyadya_danilo,dcayorcus,15
dyadya_danilo,t1tnnox,2
dyadya_danilo,vladislavkosmach,1
dyadya_danilo,mishk397,1
dyadya_danilo,ludmila_mikhailovna1983,1
linalucker,ceddisss,20
linalucker,blvckbvrnez,25
linalucker,dandrael,18
linalucker,axel_reisen,9
linalucker,dyadya_danilo,18
linalucker,linalucker,13
linalucker,evgeniyleet,32
linalucker,justreyb,2
linalucker,cybernytik,9
linalucker,seeoma,14
linalucker,pandadrummer,9
linalucker,chlore,9
linalucker,roman_dmt,2
linalucker,n14t0,13
linalucker,juliam7,3
linalucker,xseix,1
linalucker,teemok,1
linalucker,ruriir_,12
linalucker,l3rva_,5
linalucker,maxisolo,1
linalucker,prosto_oleja,1
linalucker,hellknight719,1
linalucker,l3rra,10
linalucker,mintywrinkles3,2
linalucker,addict_v4,2
linalucker,poill,8
linalucker,retabokainrou,3
linalucker,janzepp,4
linalucker,oxhof,11
linalucker,memerald_,1
linalucker,dcayorcus,8
linalucker,mister_mojo_risin,1
linalucker,t1tnnox,1
linalucker,megumeme217,1
linalucker,otismatus,1
linalucker,camissado,1
linalucker,marlenbrando,1
linalucker,relysed,1
linalucker,kaorysil,1
linalucker,ahkind,2
linalucker,princessnekomom,1
linalucker,dariamilk,1
linalucker,anasteysharask,1
linalucker,ludmila_mikhailovna1983,4
linalucker,motobard,1
evgeniyleet,ceddisss,75
evgeniyleet,blvckbvrnez,16
evgeniyleet,dandrael,19
evgeniyleet,vellrus,2
evgeniyleet,axel_reisen,5
evgeniyleet,dyadya_danilo,14
evgeniyleet,linalucker,43
evgeniyleet,evgeniyleet,24
evgeniyleet,justreyb,2
evgeniyleet,cybernytik,19
evgeniyleet,seeoma,5
evgeniyleet,pandadrummer,5
evgeniyleet,chlore,2
evgeniyleet,roman_dmt,12
evgeniyleet,n14t0,5
evgeniyleet,jetviolett,5
evgeniyleet,ne_cott3r,17
evgeniyleet,juliam7,1
evgeniyleet,teemok,5
evgeniyleet,ruriir_,52
evgeniyleet,l3rva_,26
evgeniyleet,maxisolo,3
evgeniyleet,reactistov,5
evgeniyleet,fahafatesanat_t,2
evgeniyleet,prosto_oleja,8
evgeniyleet,kiraschmidtq,4
evgeniyleet,l3rra,14
evgeniyleet,addict_v4,1
evgeniyleet,poill,2
evgeniyleet,vaicel_nick,1
evgeniyleet,strandedorange,1
evgeniyleet,janzepp,7
evgeniyleet,oxhof,4
evgeniyleet,jijle,1
evgeniyleet,4rib,1
evgeniyleet,dcayorcus,4
evgeniyleet,moonofmays,2
evgeniyleet,mister_mojo_risin,1
evgeniyleet,t1tnnox,1
evgeniyleet,camissado,1
evgeniyleet,nemar1na,1
evgeniyleet,leychick,2
evgeniyleet,ahkind,3
evgeniyleet,princessnekomom,1
evgeniyleet,ludmila_mikhailovna1983,16
justreyb,ceddisss,30
justreyb,blvckbvrnez,15
justreyb,dandrael,35
justreyb,axel_reisen,30
justreyb,dyadya_danilo,76
justreyb,linalucker,11
justreyb,evgeniyleet,3
justreyb,cybernytik,4
justreyb,seeoma,18
justreyb,pandadrummer,4
justreyb,chlore,2
justreyb,roman_dmt,7
justreyb,n14t0,7
justreyb,jetviolett,1
justreyb,ne_cott3r,1
justreyb,juliam7,7
justreyb,xseix,2
justreyb,teemok,11
justreyb,ruriir_,9
justreyb,l3rva_,16
justreyb,maxisolo,4
justreyb,reactistov,8
justreyb,prosto_oleja,5
justreyb,truephotoonelove,1
justreyb,hellknight719,7
justreyb,kiraschmidtq,2
justreyb,l3rra,21
justreyb,mintywrinkles3,2
justreyb,addict_v4,6
justreyb,poill,6
justreyb,chevapchi4i,2
justreyb,retabokainrou,1
justreyb,wtwrite,11
justreyb,sbermarketeda,2
justreyb,janzepp,5
justreyb,oxhof,3
justreyb,memerald_,2
justreyb,4rib,1
justreyb,dcayorcus,2
justreyb,t1tnnox,2
justreyb,megumeme217,2
justreyb,otismatus,3
justreyb,v0id_mg,6
justreyb,11maxlaiter,1
justreyb,ezhevika_,2
justreyb,leychick,1
justreyb,glebiy0071,1
justreyb,korgalum,1
justreyb,s1iska,1
justreyb,sadankorch,1
justreyb,ia_sluha_daute_vrot,1
justreyb,karrp_,1
justreyb,virusfur_mh,1
justreyb,ultionesx,1
justreyb,banshiva,1
justreyb,batyara_ich,1
justreyb,ludmila_mikhailovna1983,3
justreyb,okusari,2
justreyb,aokigaharayuurei,1
cybernytik,ceddisss,1
cybernytik,blvckbvrnez,2
cybernytik,dandrael,25
cybernytik,vellrus,5
cybernytik,axel_reisen,1
cybernytik,dyadya_danilo,14
cybernytik,linalucker,18
cybernytik,evgeniyleet,20
cybernytik,justreyb,4
cybernytik,cybernytik,9
cybernytik,seeoma,1
cybernytik,roman_dmt,1
cybernytik,n14t0,4
cybernytik,jetviolett,2
cybernytik,ne_cott3r,1
cybernytik,xseix,2
cybernytik,teemok,2
cybernytik,l3rva_,3
cybernytik,maxisolo,8
cybernytik,reactistov,1
cybernytik,fahafatesanat_t,5
cybernytik,kiraschmidtq,4
cybernytik,mintywrinkles3,1
cybernytik,retabokainrou,1
cybernytik,sbermarketeda,2
cybernytik,janzepp,1
cybernytik,4rib,2
cybernytik,dcayorcus,7
cybernytik,moonofmays,2
cybernytik,megumeme217,1
cybernytik,marlenbrando,2
cybernytik,virusfur_mh,1
cybernytik,mishk397,1
cybernytik,ludmila_mikhailovna1983,1
seeoma,ceddisss,2
seeoma,blvckbvrnez,3
seeoma,dandrael,9
seeoma,axel_reisen,1
seeoma,dyadya_danilo,25
seeoma,linalucker,11
seeoma,justreyb,10
seeoma,cybernytik,1
seeoma,seeoma,9
seeoma,pandadrummer,5
seeoma,juliam7,11
seeoma,teemok,6
seeoma,ruriir_,3
seeoma,l3rva_,2
seeoma,reactistov,2
seeoma,prosto_oleja,1
seeoma,hellknight719,2
seeoma,mintywrinkles3,2
seeoma,addict_v4,1
seeoma,poill,6
seeoma,retabokainrou,2
seeoma,wtwrite,1
seeoma,sbermarketeda,1
seeoma,strandedorange,4
seeoma,janzepp,2
seeoma,mister_mojo_risin,2
seeoma,t1tnnox,1
seeoma,hhj0gd,1
seeoma,freakebaniy,2
seeoma,ludmila_mikhailovna1983,6
pandadrummer,dandrael,3
pandadrummer,axel_reisen,4
pandadrummer,dyadya_danilo,2
pandadrummer,linalucker,4
pandadrummer,evgeniyleet,1
pandadrummer,juliam7,1
pandadrummer,xseix,1
pandadrummer,teemok,4
pandadrummer,hellknight719,1
pandadrummer,l3rra,2
pandadrummer,poill,1
pandadrummer,janzepp,4
pandadrummer,dcayorcus,2
pandadrummer,moonofmays,2
pandadrummer,megumeme217,1
pandadrummer,ludmila_mikhailovna1983,1
chlore,ceddisss,1
chlore,blvckbvrnez,3
chlore,dandrael,3
chlore,vellrus,9
chlore,axel_reisen,3
chlore,dyadya_danilo,1
chlore,linalucker,5
chlore,evgeniyleet,2
chlore,justreyb,1
chlore,cybernytik,1
chlore,seeoma,1
chlore,chlore,2
chlore,ne_cott3r,1
chlore,xseix,1
chlore,l3rva_,1
chlore,reactistov,1
chlore,kiraschmidtq,1
chlore,mintywrinkles3,1
chlore,poill,2
chlore,strandedorange,2
chlore,dcayorcus,1
chlore,moonofmays,2
chlore,otismatus,2
chlore,hhj0gd,2
chlore,happy_sand,1
chlore,vladislavkosmach,1
chlore,poliesterr,1
chlore,hqhx,2
chlore,slipiclaikasa,1
roman_dmt,dandrael,2
roman_dmt,axel_reisen,2
roman_dmt,dyadya_danilo,7
roman_dmt,linalucker,1
roman_dmt,evgeniyleet,8
roman_dmt,justreyb,3
roman_dmt,cybernytik,1
roman_dmt,seeoma,1
roman_dmt,juliam7,27
roman_dmt,xseix,2
roman_dmt,teemok,14
roman_dmt,ruriir_,3
roman_dmt,l3rra,7
roman_dmt,poill,2
roman_dmt,chevapchi4i,1
roman_dmt,retabokainrou,2
roman_dmt,wtwrite,1
roman_dmt,janzepp,1
roman_dmt,dcayorcus,1
roman_dmt,yobreek,1
roman_dmt,korgalum,1
roman_dmt,lesuanbao,1
roman_dmt,ludmila_mikhailovna1983,12
roman_dmt,tthesunbeam,1
n14t0,ceddisss,17
n14t0,blvckbvrnez,13
n14t0,dandrael,42
n14t0,vellrus,11
n14t0,axel_reisen,24
n14t0,dyadya_danilo,23
n14t0,linalucker,37
n14t0,evgeniyleet,8
n14t0,justreyb,11
n14t0,cybernytik,5
n14t0,seeoma,5
n14t0,pandadrummer,1
n14t0,roman_dmt,1
n14t0,jetviolett,7
n14t0,juliam7,12
n14t0,xseix,6
n14t0,teemok,11
n14t0,ruriir_,1
n14t0,l3rva_,1
n14t0,maxisolo,3
n14t0,reactistov,3
n14t0,prosto_oleja,1
n14t0,truephotoonelove,1
n14t0,hellknight719,2
n14t0,kiraschmidtq,1
n14t0,l3rra,5
n14t0,mintywrinkles3,1
n14t0,addict_v4,3
n14t0,chevapchi4i,12
n14t0,wtwrite,3
n14t0,sbermarketeda,1
n14t0,strandedorange,1
n14t0,janzepp,4
n14t0,memerald_,1
n14t0,dcayorcus,30
n14t0,megumeme217,2
n14t0,v0id_mg,1
n14t0,ezhevika_,2
n14t0,pink4donald,1
n14t0,relysed,1
n14t0,vladislavkosmach,3
n14t0,jusrlynx,2
n14t0,korgalum,3
n14t0,banshiva,3
n14t0,mishk397,1
n14t0,vdaline,1
n14t0,poliesterr,2
n14t0,ludmila_mikhailovna1983,3
n14t0,kenkakumightypootinolison,1
n14t0,jjesus___,1
n14t0,elliottadderley,1
n14t0,mega_krutoy_nikolay,1
n14t0,yayohann,1
jetviolett,ceddisss,5
jetviolett,blvckbvrnez,2
jetviolett,dandrael,1
jetviolett,vellrus,4
jetviolett,evgeniyleet,1
jetviolett,justreyb,1
jetviolett,cybernytik,2
jetviolett,n14t0,3
jetviolett,jetviolett,6
jetviolett,xseix,1
jetviolett,ruriir_,1
jetviolett,l3rva_,1
jetviolett,fahafatesanat_t,5
jetviolett,retabokainrou,5
jetviolett,ludmila_mikhailovna1983,1
ne_cott3r,blvckbvrnez,1
ne_cott3r,dandrael,2
ne_cott3r,vellrus,2
ne_cott3r,dyadya_danilo,1
ne_cott3r,evgeniyleet,6
ne_cott3r,justreyb,1
ne_cott3r,cybernytik,2
ne_cott3r,chlore,1
ne_cott3r,jetviolett,1
ne_cott3r,ruriir_,1
ne_cott3r,l3rva_,1
ne_cott3r,maxisolo,4
ne_cott3r,fahafatesanat_t,4
ne_cott3r,retabokainrou,1
ne_cott3r,jijle,4
ne_cott3r,4rib,1
ne_cott3r,dcayorcus,1
ne_cott3r,imher3,1
ne_cott3r,graybasalt,1
ne_cott3r,ludmila_mikhailovna1983,4
juliam7,ceddisss,9
juliam7,blvckbvrnez,3
juliam7,dandrael,1
juliam7,axel_reisen,2
juliam7,dyadya_danilo,5
juliam7,linalucker,1
juliam7,justreyb,2
juliam7,roman_dmt,8
juliam7,n14t0,4
juliam7,xseix,3
juliam7,teemok,7
juliam7,l3rra,2
juliam7,addict_v4,1
juliam7,moonofmays,1
juliam7,t1tnnox,1
juliam7,marlenbrando,3
juliam7,relysed,5
juliam7,kaorysil,1
juliam7,ludmila_mikhailovna1983,1
xseix,ceddisss,5
xseix,blvckbvrnez,1
xseix,dandrael,3
xseix,axel_reisen,1
xseix,linalucker,3
xseix,seeoma,2
xseix,pandadrummer,1
xseix,chlore,2
xseix,roman_dmt,5
xseix,n14t0,2
xseix,juliam7,5
xseix,xseix,1
xseix,teemok,1
xseix,l3rva_,1
xseix,truephotoonelove,1
xseix,hellknight719,1
xseix,l3rra,2
xseix,poill,2
xseix,jijle,1
xseix,rb934h,1
xseix,ludmila_mikhailovna1983,2
teemok,ceddisss,9
teemok,blvckbvrnez,11
teemok,dandrael,8
teemok,axel_reisen,28
teemok,dyadya_danilo,9
teemok,linalucker,3
teemok,evgeniyleet,12
teemok,justreyb,12
teemok,seeoma,6
teemok,pandadrummer,7
teemok,chlore,1
teemok,roman_dmt,26
teemok,n14t0,7
teemok,juliam7,9
teemok,xseix,1
teemok,teemok,1
teemok,ruriir_,16
teemok,truephotoonelove,3
teemok,hellknight719,7
teemok,mintywrinkles3,1
teemok,poill,11
teemok,chevapchi4i,3
teemok,retabokainrou,2
teemok,wtwrite,3
teemok,janzepp,10
teemok,memerald_,5
teemok,dcayorcus,2
teemok,mister_mojo_risin,3
teemok,megumeme217,1
teemok,v0id_mg,1
teemok,happy_sand,2
teemok,kaorysil,1
teemok,banshiva,2
teemok,ludmila_mikhailovna1983,1
teemok,tthesunbeam,1
teemok,mamoru_45,1
ruriir_,ceddisss,10
ruriir_,blvckbvrnez,5
ruriir_,dandrael,2
ruriir_,axel_reisen,7
ruriir_,linalucker,4
ruriir_,evgeniyleet,23
ruriir_,juliam7,1
ruriir_,teemok,9
ruriir_,ruriir_,11
ruriir_,maxisolo,1
ruriir_,l3rra,4
ruriir_,addict_v4,1
ruriir_,dcayorcus,2
ruriir_,camissado,2
ruriir_,ludmila_mikhailovna1983,3
l3rva_,ceddisss,13
l3rva_,blvckbvrnez,7
l3rva_,dandrael,8
l3rva_,vellrus,3
l3rva_,dyadya_danilo,5
l3rva_,linalucker,7
l3rva_,evgeniyleet,17
l3rva_,justreyb,15
l3rva_,cybernytik,1
l3rva_,seeoma,3
l3rva_,chlore,1
l3rva_,roman_dmt,1
l3rva_,jetviolett,1
l3rva_,ne_cott3r,5
l3rva_,juliam7,1
l3rva_,xseix,2
l3rva_,maxisolo,9
l3rva_,kiraschmidtq,1
l3rva_,poill,1
l3rva_,retabokainrou,1
l3rva_,sbermarketeda,3
l3rva_,4rib,2
l3rva_,tezian2101,1
l3rva_,anasteysharask,1
maxisolo,ceddisss,6
maxisolo,blvckbvrnez,1
maxisolo,dandrael,5
maxisolo,vellrus,4
maxisolo,dyadya_danilo,14
maxisolo,linalucker,7
maxisolo,justreyb,2
maxisolo,cybernytik,11
maxisolo,seeoma,1
maxisolo,chlore,2
maxisolo,n14t0,3
maxisolo,jetviolett,2
maxisolo,ne_cott3r,6
maxisolo,teemok,1
maxisolo,ruriir_,6
maxisolo,l3rva_,12
maxisolo,maxisolo,4
maxisolo,fahafatesanat_t,9
maxisolo,prosto_oleja,3
maxisolo,l3rra,7
maxisolo,retabokainrou,3
maxisolo,sbermarketeda,1
maxisolo,4rib,4
maxisolo,dcayorcus,7
maxisolo,jujabanda,1
maxisolo,bog_mamok,1
maxisolo,s3nderell,2
maxisolo,ludmila_mikhailovna1983,2
reactistov,ceddisss,16
reactistov,blvckbvrnez,3
reactistov,dandrael,12
reactistov,axel_reisen,16
reactistov,dyadya_danilo,8
reactistov,linalucker,3
reactistov,evgeniyleet,9
reactistov,justreyb,27
reactistov,cybernytik,1
reactistov,pandadrummer,1
reactistov,chlore,1
reactistov,roman_dmt,4
reactistov,n14t0,4
reactistov,maxisolo,1
reactistov,reactistov,1
reactistov,prosto_oleja,1
reactistov,l3rra,2
reactistov,mintywrinkles3,1
reactistov,addict_v4,5
reactistov,retabokainrou,2
reactistov,wtwrite,1
reactistov,strandedorange,1
reactistov,janzepp,7
reactistov,dcayorcus,1
reactistov,mister_mojo_risin,1
reactistov,v0id_mg,4
reactistov,hhj0gd,3
reactistov,leychick,6
reactistov,ludmila_mikhailovna1983,10
fahafatesanat_t,ceddisss,1
fahafatesanat_t,blvckbvrnez,1
fahafatesanat_t,dandrael,1
fahafatesanat_t,vellrus,1
fahafatesanat_t,linalucker,2
fahafatesanat_t,evgeniyleet,1
fahafatesanat_t,cybernytik,2
fahafatesanat_t,jetviolett,2
fahafatesanat_t,ne_cott3r,3
fahafatesanat_t,maxisolo,7
fahafatesanat_t,kiraschmidtq,1
fahafatesanat_t,jijle,3
fahafatesanat_t,camissado,2
fahafatesanat_t,s3nderell,2
fahafatesanat_t,ksushiroyama,1
fahafatesanat_t,evermooon,1
fahafatesanat_t,swaaagdog,1
prosto_oleja,ceddisss,1
prosto_oleja,dandrael,4
prosto_oleja,dyadya_danilo,2
prosto_oleja,linalucker,6
prosto_oleja,evgeniyleet,5
prosto_oleja,justreyb,4
prosto_oleja,seeoma,1
prosto_oleja,roman_dmt,1
prosto_oleja,n14t0,1
prosto_oleja,juliam7,1
prosto_oleja,xseix,1
prosto_oleja,ruriir_,6
prosto_oleja,maxisolo,1
prosto_oleja,prosto_oleja,4
prosto_oleja,wtwrite,2
prosto_oleja,4rib,1
prosto_oleja,dcayorcus,6
prosto_oleja,megumeme217,1
prosto_oleja,titannnox,1
truephotoonelove,ludmila_mikhailovna1983,1
hellknight719,ceddisss,2
hellknight719,dandrael,3
hellknight719,axel_reisen,3
hellknight719,dyadya_danilo,3
hellknight719,justreyb,2
hellknight719,seeoma,2
hellknight719,pandadrummer,2
hellknight719,juliam7,2
hellknight719,xseix,3
hellknight719,teemok,5
hellknight719,l3rra,1
hellknight719,memerald_,2
hellknight719,dcayorcus,2
hellknight719,vladislavkosmach,1
hellknight719,ludmila_mikhailovna1983,1
kiraschmidtq,ceddisss,1
kiraschmidtq,dandrael,2
kiraschmidtq,vellrus,4
kiraschmidtq,dyadya_danilo,8
kiraschmidtq,linalucker,21
kiraschmidtq,evgeniyleet,4
kiraschmidtq,cybernytik,2
kiraschmidtq,pandadrummer,1
kiraschmidtq,chlore,1
kiraschmidtq,maxisolo,2
kiraschmidtq,fahafatesanat_t,3
kiraschmidtq,truephotoonelove,1
kiraschmidtq,kiraschmidtq,1
kiraschmidtq,jijle,1
kiraschmidtq,t1tnnox,2
kiraschmidtq,ludmila_mikhailovna1983,4
l3rra,ceddisss,16
l3rra,blvckbvrnez,5
l3rra,dandrael,9
l3rra,dyadya_danilo,23
l3rra,linalucker,11
l3rra,evgeniyleet,10
l3rra,justreyb,21
l3rra,cybernytik,1
l3rra,seeoma,1
l3rra,pandadrummer,2
l3rra,chlore,1
l3rra,roman_dmt,5
l3rra,juliam7,6
l3rra,ruriir_,3
l3rra,maxisolo,2
l3rra,reactistov,2
l3rra,fahafatesanat_t,1
l3rra,hellknight719,2
l3rra,mintywrinkles3,1
l3rra,addict_v4,2
l3rra,poill,4
l3rra,wtwrite,2
l3rra,strandedorange,6
l3rra,janzepp,2
l3rra,memerald_,1
l3rra,dcayorcus,5
l3rra,moonofmays,2
l3rra,marlenbrando,1
l3rra,jujabanda,1
l3rra,relysed,3
l3rra,andiya,1
mintywrinkles3,dandrael,1
mintywrinkles3,vellrus,1
mintywrinkles3,linalucker,1
mintywrinkles3,seeoma,2
mintywrinkles3,teemok,1
mintywrinkles3,addict_v4,1
mintywrinkles3,wtwrite,1
addict_v4,ceddisss,5
addict_v4,dandrael,3
addict_v4,axel_reisen,68
addict_v4,dyadya_danilo,3
addict_v4,linalucker,1
addict_v4,evgeniyleet,1
addict_v4,justreyb,4
addict_v4,seeoma,1
addict_v4,pandadrummer,4
addict_v4,chlore,1
addict_v4,roman_dmt,2
addict_v4,n14t0,1
addict_v4,juliam7,3
addict_v4,ruriir_,2
addict_v4,reactistov,7
addict_v4,l3rra,1
addict_v4,mintywrinkles3,1
addict_v4,retabokainrou,1
addict_v4,strandedorange,1
addict_v4,janzepp,2
addict_v4,v0id_mg,2
addict_v4,pusshikairu,1
poill,ceddisss,13
poill,blvckbvrnez,2
poill,dandrael,8
poill,axel_reisen,13
poill,dyadya_danilo,10
poill,linalucker,7
poill,evgeniyleet,3
poill,justreyb,4
poill,seeoma,4
poill,pandadrummer,1
poill,chlore,2
poill,roman_dmt,1
poill,xseix,1
poill,teemok,6
poill,ruriir_,1
poill,hellknight719,2
poill,l3rra,5
poill,retabokainrou,4
poill,wtwrite,18
poill,janzepp,3
poill,memerald_,1
poill,dcayorcus,1
poill,moonofmays,2
poill,megumeme217,1
poill,marlenbrando,3
poill,ezhevika_,2
poill,nemar1na,1
poill,yobreek,1
poill,vladislavkosmach,1
poill,tinynyanta,1
poill,kak_vsegda_banapart,1
poill,ludmila_mikhailovna1983,4
chevapchi4i,blvckbvrnez,1
chevapchi4i,dandrael,8
chevapchi4i,axel_reisen,5
chevapchi4i,dyadya_danilo,3
chevapchi4i,justreyb,1
chevapchi4i,roman_dmt,1
chevapchi4i,n14t0,7
chevapchi4i,juliam7,4
chevapchi4i,teemok,3
chevapchi4i,maxisolo,1
chevapchi4i,prosto_oleja,1
chevapchi4i,addict_v4,1
chevapchi4i,chevapchi4i,1
chevapchi4i,oxhof,3
chevapchi4i,dcayorcus,1
chevapchi4i,korgalum,1
retabokainrou,ceddisss,2
retabokainrou,blvckbvrnez,4
retabokainrou,vellrus,2
retabokainrou,axel_reisen,3
retabokainrou,dyadya_danilo,2
retabokainrou,linalucker,1
retabokainrou,evgeniyleet,1
retabokainrou,justreyb,1
retabokainrou,cybernytik,1
retabokainrou,n14t0,1
retabokainrou,jetviolett,1
retabokainrou,l3rva_,1
retabokainrou,maxisolo,2
retabokainrou,addict_v4,1
retabokainrou,poill,1
retabokainrou,dcayorcus,1
retabokainrou,v0id_mg,1
wtwrite,ceddisss,3
wtwrite,blvckbvrnez,2
wtwrite,axel_reisen,2
wtwrite,dyadya_danilo,4
wtwrite,justreyb,4
wtwrite,pandadrummer,1
wtwrite,roman_dmt,4
wtwrite,juliam7,2
wtwrite,teemok,1
wtwrite,prosto_oleja,2
wtwrite,mintywrinkles3,2
wtwrite,poill,17
wtwrite,wtwrite,1
wtwrite,memerald_,1
wtwrite,ultionesx,3
wtwrite,ars_kit,4
sbermarketeda,justreyb,1
sbermarketeda,l3rva_,1
strandedorange,dandrael,1
strandedorange,dyadya_danilo,1
strandedorange,linalucker,1
strandedorange,seeoma,3
strandedorange,l3rra,2
janzepp,ceddisss,4
janzepp,blvckbvrnez,2
janzepp,dandrael,6
janzepp,axel_reisen,2
janzepp,dyadya_danilo,32
janzepp,linalucker,6
janzepp,evgeniyleet,9
janzepp,justreyb,4
janzepp,seeoma,2
janzepp,pandadrummer,5
janzepp,chlore,1
janzepp,roman_dmt,4
janzepp,n14t0,3
janzepp,juliam7,2
janzepp,teemok,10
janzepp,reactistov,7
janzepp,l3rra,1
janzepp,addict_v4,1
janzepp,poill,4
janzepp,retabokainrou,1
janzepp,wtwrite,4
janzepp,memerald_,1
janzepp,moonofmays,2
janzepp,mister_mojo_risin,2
janzepp,megumeme217,1
janzepp,otismatus,2
janzepp,happy_sand,1
janzepp,vladislavkosmach,1
janzepp,leychick,5
janzepp,korgalum,1
janzepp,yabedaras,4
janzepp,banshiva,1
janzepp,mishk397,3
janzepp,ludmila_mikhailovna1983,1
oxhof,ceddisss,4
oxhof,dandrael,11
oxhof,axel_reisen,7
oxhof,linalucker,10
oxhof,justreyb,1
oxhof,pandadrummer,2
oxhof,xseix,3
oxhof,truephotoonelove,1
oxhof,strandedorange,4
oxhof,oxhof,3
memerald_,ceddisss,3
memerald_,blvckbvrnez,1
memerald_,dandrael,2
memerald_,axel_reisen,5
memerald_,dyadya_danilo,6
memerald_,linalucker,3
memerald_,justreyb,1
memerald_,pandadrummer,1
memerald_,roman_dmt,2
memerald_,juliam7,5
memerald_,teemok,2
memerald_,prosto_oleja,1
memerald_,truephotoonelove,1
memerald_,hellknight719,3
memerald_,l3rra,1
memerald_,addict_v4,1
memerald_,poill,1
memerald_,retabokainrou,3
memerald_,wtwrite,1
memerald_,strandedorange,1
memerald_,megumeme217,1
memerald_,otismatus,1
memerald_,marlenbrando,2
memerald_,yobreek,1
memerald_,vladislavkosmach,3
memerald_,kaorysil,1
memerald_,ahkind,2
memerald_,ludmila_mikhailovna1983,3
jijle,vellrus,6
jijle,linalucker,1
jijle,xseix,1
jijle,kiraschmidtq,1
4rib,linalucker,1
4rib,justreyb,2
4rib,cybernytik,1
4rib,n14t0,1
4rib,juliam7,1
4rib,l3rva_,2
4rib,sbermarketeda,1
dcayorcus,ceddisss,1
dcayorcus,blvckbvrnez,3
dcayorcus,dandrael,11
dcayorcus,dyadya_danilo,21
dcayorcus,linalucker,12
dcayorcus,cybernytik,4
dcayorcus,pandadrummer,2
dcayorcus,roman_dmt,1
dcayorcus,n14t0,19
dcayorcus,ruriir_,1
dcayorcus,maxisolo,1
dcayorcus,reactistov,1
dcayorcus,prosto_oleja,6
dcayorcus,truephotoonelove,2
dcayorcus,hellknight719,4
dcayorcus,l3rra,2
dcayorcus,retabokainrou,1
dcayorcus,dcayorcus,1
dcayorcus,t1tnnox,3
dcayorcus,megumeme217,3
dcayorcus,otismatus,1
dcayorcus,v0id_mg,1
dcayorcus,ludmila_mikhailovna1983,1
moonofmays,ceddisss,4
moonofmays,axel_reisen,3
moonofmays,evgeniyleet,1
moonofmays,cybernytik,1
moonofmays,pandadrummer,2
moonofmays,chlore,1
moonofmays,juliam7,1
moonofmays,l3rra,1
moonofmays,poill,2
moonofmays,janzepp,3
moonofmays,happy_sand,1
moonofmays,rb934h,8
moonofmays,fckthwht,2
mister_mojo_risin,ceddisss,2
mister_mojo_risin,dandrael,2
mister_mojo_risin,axel_reisen,2
mister_mojo_risin,dyadya_danilo,1
mister_mojo_risin,linalucker,1
mister_mojo_risin,juliam7,2
mister_mojo_risin,teemok,1
mister_mojo_risin,retabokainrou,1
mister_mojo_risin,oxhof,1
mister_mojo_risin,mister_mojo_risin,4
mister_mojo_risin,t1tnnox,2
t1tnnox,ceddisss,5
t1tnnox,dandrael,9
t1tnnox,axel_reisen,1
t1tnnox,dyadya_danilo,2
t1tnnox,linalucker,3
t1tnnox,cybernytik,1
t1tnnox,pandadrummer,2
t1tnnox,juliam7,1
t1tnnox,kiraschmidtq,1
t1tnnox,chevapchi4i,1
t1tnnox,retabokainrou,1
t1tnnox,dcayorcus,2
t1tnnox,t1tnnox,4
t1tnnox,megumeme217,2
t1tnnox,princessnekomom,2
t1tnnox,dariamilk,1
t1tnnox,virusfur_mh,1
t1tnnox,hqhx,1
megumeme217,dandrael,1
megumeme217,cybernytik,1
megumeme217,pandadrummer,1
megumeme217,roman_dmt,1
megumeme217,n14t0,1
megumeme217,juliam7,1
megumeme217,janzepp,1
megumeme217,v0id_mg,2
otismatus,ceddisss,4
otismatus,blvckbvrnez,1
otismatus,dandrael,3
otismatus,dyadya_danilo,1
otismatus,linalucker,5
otismatus,justreyb,2
otismatus,chlore,4
otismatus,xseix,1
otismatus,retabokainrou,1
otismatus,janzepp,1
otismatus,dcayorcus,1
camissado,ruriir_,1
marlenbrando,dandrael,1
marlenbrando,axel_reisen,2
marlenbrando,juliam7,4
marlenbrando,hellknight719,1
marlenbrando,l3rra,1
marlenbrando,poill,2
marlenbrando,memerald_,2
marlenbrando,marlenbrando,1
marlenbrando,v0id_mg,1
marlenbrando,yobreek,3
v0id_mg,ceddisss,2
v0id_mg,blvckbvrnez,4
v0id_mg,dandrael,3
v0id_mg,axel_reisen,1
v0id_mg,dyadya_danilo,1
v0id_mg,linalucker,2
v0id_mg,evgeniyleet,5
v0id_mg,justreyb,2
v0id_mg,pandadrummer,1
v0id_mg,reactistov,1
v0id_mg,addict_v4,4
v0id_mg,poill,2
v0id_mg,retabokainrou,1
v0id_mg,wtwrite,1
v0id_mg,dcayorcus,1
v0id_mg,marlenbrando,1
v0id_mg,korgalum,1
ezhevika_,ceddisss,1
ezhevika_,axel_reisen,1
ezhevika_,evgeniyleet,1
ezhevika_,n14t0,1
ezhevika_,juliam7,1
ezhevika_,poill,1
ezhevika_,wtwrite,1
ezhevika_,strandedorange,2
ezhevika_,oxhof,1
pink4donald,ceddisss,1
pink4donald,dandrael,1
pink4donald,justreyb,2
pink4donald,strandedorange,2
pink4donald,pink4donald,1
relysed,ceddisss,1
relysed,dandrael,2
relysed,juliam7,4
relysed,xseix,1
relysed,l3rra,3
hhj0gd,dandrael,1
hhj0gd,axel_reisen,1
hhj0gd,dyadya_danilo,1
hhj0gd,chlore,2
hhj0gd,reactistov,1
hhj0gd,dcayorcus,1
hhj0gd,nemar1na,1
hhj0gd,poliesterr,1
happy_sand,evgeniyleet,1
happy_sand,chlore,1
happy_sand,teemok,2
happy_sand,ruriir_,1
nemar1na,ceddisss,1
nemar1na,blvckbvrnez,1
nemar1na,axel_reisen,7
nemar1na,seeoma,1
nemar1na,maxisolo,1
nemar1na,reactistov,1
nemar1na,nemar1na,2
yobreek,axel_reisen,5
yobreek,roman_dmt,2
yobreek,ruriir_,2
yobreek,truephotoonelove,1
yobreek,hellknight719,1
yobreek,marlenbrando,2
deadkafka,dyadya_danilo,1
deadkafka,linalucker,1
deadkafka,juliam7,1
deadkafka,blams_pams,1
vladislavkosmach,n14t0,3
tmooor,fahafatesanat_t,1
leychick,ceddisss,2
leychick,blvckbvrnez,1
leychick,dyadya_danilo,1
leychick,evgeniyleet,1
leychick,justreyb,3
leychick,reactistov,5
leychick,janzepp,3
sobakapovodyr,dandrael,1
glebiy0071,kalemon_kak,1
iamhere13666,vellrus,1
iamhere13666,justreyb,1
iamhere13666,ludmila_mikhailovna1983,2
iamhere13666,jimijacket,1
rb934h,moonofmays,5
jusrlynx,n14t0,1
kaorysil,dandrael,1
kaorysil,dyadya_danilo,1
kaorysil,juliam7,1
kaorysil,teemok,1
kaorysil,retabokainrou,1
korgalum,axel_reisen,6
korgalum,linalucker,1
korgalum,evgeniyleet,1
korgalum,roman_dmt,1
korgalum,chevapchi4i,1
s1iska,ceddisss,1
s1iska,vellrus,1
s1iska,justreyb,2
s1iska,l3rva_,1
s1iska,prosto_oleja,2
s1iska,4rib,2
s1iska,t1tnnox,1
ahkind,ceddisss,3
ahkind,blvckbvrnez,1
ahkind,dandrael,1
ahkind,linalucker,2
ahkind,evgeniyleet,1
ahkind,poill,1
ahkind,memerald_,1
pam_cake222,blvckbvrnez,3
pam_cake222,ruriir_,1
ernest671,axel_reisen,1
ernest671,justreyb,1
ernest671,hellknight719,1
andiya,ceddisss,1
andiya,dandrael,1
andiya,dyadya_danilo,1
andiya,seeoma,1
andiya,roman_dmt,1
andiya,n14t0,1
andiya,juliam7,2
andiya,ruriir_,1
andiya,l3rra,1
andiya,wtwrite,1
andiya,strandedorange,1
andiya,ludmila_mikhailovna1983,2
karrp_,blvckbvrnez,1
karrp_,dandrael,1
karrp_,ne_cott3r,1
karrp_,retabokainrou,1
kalemon_kak,justreyb,1
kalemon_kak,chlore,1
qutmij,t1tnnox,2
qutmij,wendy_levitar,1
imher3,vellrus,1
imher3,ne_cott3r,1
imher3,imher3,1
titannnox,vellrus,1
titannnox,prosto_oleja,1
princessnekomom,dandrael,1
princessnekomom,t1tnnox,2
shmulke02,blvckbvrnez,2
shmulke02,ludmila_mikhailovna1983,1
yabedaras,janzepp,3
dariamilk,ceddisss,1
dariamilk,t1tnnox,1
blams_pams,justreyb,1
blams_pams,truephotoonelove,1
blams_pams,t1tnnox,1
streamelements,ceddisss,1
streamelements,blvckbvrnez,2
streamelements,linalucker,1
streamelements,sanin_fanat,1
streamelements,superloh15yo,2
waxmant73,mister_mojo_risin,1
4eptula_oboccahka,blvckbvrnez,3
4eptula_oboccahka,jetviolett,1
tezian2101,dyadya_danilo,1
tezian2101,chlore,1
tezian2101,l3rva_,1
tezian2101,sbermarketeda,2
tezian2101,glebiy0071,1
virusfur_mh,megumeme217,1
ultionesx,wtwrite,1
ultionesx,oxhof,1
banshiva,dandrael,2
banshiva,axel_reisen,1
banshiva,dyadya_danilo,1
banshiva,n14t0,3
banshiva,teemok,2
mishk397,blvckbvrnez,1
mishk397,axel_reisen,1
mishk397,dyadya_danilo,1
mishk397,ruriir_,1
mishk397,janzepp,3
mishk397,moonofmays,1
llllsedoyllll,dandrael,1
s3nderell,ceddisss,1
s3nderell,ne_cott3r,2
s3nderell,maxisolo,1
s3nderell,fahafatesanat_t,1
s3nderell,ludmila_mikhailovna1983,1
fckthwht,moonofmays,2
ksushiroyama,ceddisss,1
ksushiroyama,blvckbvrnez,1
ksushiroyama,fahafatesanat_t,1
ksushiroyama,ludmila_mikhailovna1983,2
lesuanbao,roman_dmt,1
inhumanwaif78,ludmila_mikhailovna1983,1
handehoch27,axel_reisen,1
ne_razdevaisya_ya_po_delu,ceddisss,1
vosvoia,chevapchi4i,1
ars_kit,wtwrite,2
the_glist,pandadrummer,1
ludachyo,evgeniyleet,1
kak_vsegda_banapart,justreyb,1
kak_vsegda_banapart,seeoma,1
kak_vsegda_banapart,poill,2
soundalerts,linalucker,13
nikamar2,blvckbvrnez,1
nikamar2,linalucker,2
shadtruelegend,ceddisss,1
evermooon,dandrael,2
evermooon,justreyb,1
poliesterr,ceddisss,3
ludmila_mikhailovna1983,ceddisss,1
ludmila_mikhailovna1983,roman_dmt,1
leksus24,n14t0,1
grulf,axel_reisen,1
tthesunbeam,roman_dmt,1
tthesunbeam,teemok,1
tthesunbeam,janzepp,1
mamoru_45,teemok,1
swaaagdog,fahafatesanat_t,1
pusshikairu,addict_v4,1
kenkakumightypootinolison,blvckbvrnez,1
kenkakumightypootinolison,justreyb,1
aniki_cc,ludmila_mikhailovna1983,2
fedorconkisto,fedorconkisto,1
my_last_try,palnasral,1
cloudnebesnyi,blvckbvrnez,1
staciemadlon,ludmila_mikhailovna1983,1
aokigaharayuurei,justreyb,1
inmigewazhong,linalucker,1
love_you89,vellrus,1
